{
  "json_version": 4,
  "blueprints":
  [
    {
      "name": "blueprint_001",
      "type": "card",
      "layout_size_mm": "57, 89",
      "bleeding_size_mm": "5",
      "main_panel_name": "",
      "hint_order_index": 0,
      "shape_settings":
      {
        "radius": "5"
      },
      "front_layers":
      [
        {
          "name": "的撒",
          "panels":
          []
        },
        {
          "name": "default_front",
          "panels":
          [
            {
              "name": "text_top",
              "data":
              {
                "layout_position": "7, 5",
                "layout_size": "43, 19.75",
                "layout_constraint_h": "left_and_right",
                "panel_type": "text",
                "value": "<b>Placeholder</b>",
                "text_font": "Noto Sans",
                "text_wrapping": "False",
                "text_size": "3",
                "text_autosize": "True",
                "text_size_max": "30",
                "color": "#454545"
              }
            },
            {
              "name": "text_bottom",
              "data":
              {
                "layout_position": "28.5, 64.25",
                "layout_size": "21.5, 19.75",
                "layout_constraint_h": "right",
                "layout_constraint_v": "bottom",
                "panel_type": "text",
                "value": "{layout|mm}\n{layout|in}",
                "text_font": "Noto Sans",
                "text_wrapping": "False",
                "text_size": "2",
                "text_autosize": "True",
                "text_alignment_h": "right",
                "color": "#454545"
              }
            },
            {
              "name": "logo",
              "data":
              {
                "layout_position": "5, 24.75",
                "layout_size": "47, 39.5",
                "layout_constraint_h": "left_and_right",
                "layout_constraint_v": "top_and_bottom",
                "panel_type": "image",
                "value": "TC/Icon"
              }
            },
            {
              "name": "color",
              "data":
              {
                "layout_position": "5, 5",
                "layout_size": "47, 79",
                "layout_constraint_h": "left_and_right",
                "layout_constraint_v": "top_and_bottom",
                "panel_type": "procedural",
                "procedural_radius": "3",
                "color": "#FFFFFF"
              }
            },
            {
              "name": "border",
              "data":
              {
                "layout_position": "-5, -5",
                "layout_size": "67, 99",
                "layout_constraint_h": "left_and_right",
                "layout_constraint_v": "top_and_bottom",
                "panel_type": "procedural",
                "panel_editable": "False",
                "color": "#25809C"
              }
            }
          ]
        }
      ]
    }
  ]
}